ID,Yield
ID_F9XXEXN2ADR2,662.9090909090909
ID_SO3VW2X4QO93,416.6818181818182
ID_UKUQ7JM8E894,487.8636363636364
ID_QUISMWEZR2H4,320.0
ID_25JGI455VKCZ,545.0
ID_KQEAOXF3RPV6,351.1136363636364
ID_FSNZCPW9HTD2,1140.3863636363637
ID_U2TOPOA0T40S,289.75
ID_XVQLSUKOT04J,1086.8181818181818
ID_EAZAU6IW58PK,158.9090909090909
ID_WI17R25TC2VU,338.40909090909093
ID_OPR9MJWG40U7,1664.5454545454545
ID_P9K9GAHC6FX6,610.7045454545455
ID_SCAOUCCTJ75Z,48.13636363636363
ID_MUP1OS8GZR5E,2741.3636363636365
ID_WVBSZ9VBC9HE,687.0
ID_9MGH1WIKFBNB,366.1136363636364
ID_3M2O3EPOM18C,2193.8636363636365
ID_K9MOR4N1FWIB,618.6363636363636
ID_VJPUPMSQARO5,1219.5
ID_7WIMK3DXIU3Q,1270.6363636363637
ID_6QXVH0EUS60J,1210.340909090909
ID_CA9GH6Q53A1Q,204.27272727272728
ID_94KO4EQ6TA3S,246.9318181818182
ID_2WH3AXUWRS2A,221.54545454545453
ID_LBS8TBC6QEF1,320.1136363636364
ID_Y3YARETW8RAP,1256.8181818181818
ID_BY9JJAIKBRGP,443.25
ID_0U5AM482W1DE,369.3181818181818
ID_G0I28ORJC3OP,420.22727272727275
ID_Q34ED4EMSA3R,605.8636363636364
ID_LN3LXEG984XM,601.4772727272727
ID_0JTIPPYRJND0,773.8636363636364
ID_2MRD9I2X8UXB,200.0
ID_KH1FHLUW2T4X,239.5909090909091
ID_RFM5MWSIU1JX,297.8484848484849
ID_IAH2UTMDVU8F,245.70454545454547
ID_9SNP46T1GSJI,700.3863636363636
ID_DSQ9ISYFW4DB,456.0681818181818
ID_B8XYLC3NM6XD,186.9318181818182
ID_HOG9LK4CTN8K,469.3181818181818
ID_L3RTRS1QIY6D,313.15909090909093
ID_03QW4RBYQEBK,407.70454545454544
ID_ZJSYN3ZHXK5K,957.9545454545455
ID_UPRM76SZ7IJJ,650.5
ID_YB866N9RY5TU,516.3636363636364
ID_4H0KNHPKF9BK,162.64393939393938
ID_TOIT03A3WTTD,333.45454545454544
ID_4P7NKCB6LMJ5,18.863636363636363
ID_1TIMGZJLRLWF,610.7272727272727
ID_25E6065LQDON,669.3636363636364
ID_SOB9B3H12POE,876.8409090909091
ID_A8RF0GQGJF5H,845.0
ID_GT36LGF8SM8K,530.1136363636364
ID_E9OHGDA3U6DG,438.0681818181818
ID_HXWHLMRE99CE,1226.8181818181818
ID_3VL9DLFRG5A3,319.65909090909093
ID_OKPI3DR2ZQPJ,278.10909090909087
ID_XZO6ECCAOC94,869.3181818181819
ID_4X2UWYR6RIE2,809.0909090909091
ID_1LVAHN6PZYBS,1148.6363636363637
ID_HRAJFKTPCNWQ,2006.3636363636363
ID_TK4H5NRKHOE8,350.22727272727275
ID_9U0UBT1J8152,331.6136363636364
ID_3EUKVYT37JOP,237.27272727272728
ID_1499QWPPW755,523.5227272727273
ID_ULWP3J0G860C,382.29545454545456
ID_51FSB3P7RO7F,580.6818181818181
ID_FHMVP6OM4GDX,1766.1363636363637
ID_2OICAUFVUF5S,217.27272727272728
ID_ZGCFHIHAIC5U,430.20454545454544
ID_SR592R346POT,1225.4545454545455
ID_IW7UUDAW8LI0,398.40909090909093
ID_UNWZCF6L3JHJ,423.40909090909093
ID_Z4FXX0BNPHCO,976.3636363636364
ID_T18YB26T1R72,393.25
ID_LXZWOINVI194,593.9318181818181
ID_QNQJS14C9JJR,1889.3181818181818
ID_NTPIQUV3J2G6,771.1363636363636
ID_PVQOEEDTISZ0,7.545454545454546
ID_PNB65ASGG3U5,317.6136363636364
ID_KWPXATBZDX9T,637.0681818181819
ID_0G0F9TOR4IMI,1561.3636363636363
ID_FVLMABW5Y6X2,883.7727272727273
ID_O2PL38IY50T5,671.75
ID_CNG8Z00FPPMP,745.4545454545455
ID_641DSHBH8JAF,1045.8181818181818
ID_Y14QXUKOFJ4H,324.15909090909093
ID_DRP3WZV4BNIE,489.1363636363636
ID_TMXV7UW39T80,239.20454545454547
ID_0L8O49SS6MQM,500.90909090909093
ID_UGTG0XQELY2U,451.70454545454544
ID_0YZYA9AXL9Z2,288.52272727272725
ID_KNOK4V0IWVUO,153.63636363636363
ID_YX4DF17Z25RV,402.6136363636364
ID_2YAZXP3AEDVO,304.84090909090907
ID_YNACZPCVVI09,1743.9772727272727
ID_75GYXJW1DYGX,323.75
ID_YRCMJRFRTU2K,548.3863636363636
ID_1L4WBTHTDQMP,485.8636363636364
ID_RO0XF0TFLRG6,866.9772727272727
ID_NJ7G0SAVDN1Q,332.59090909090907
ID_UFPM6MLG1BJK,4.045454545454546
ID_ULY51B6WQ9FV,797.7272727272727
ID_CR6L4TL2VEEM,226.95454545454547
ID_4YRSPS7X1V7Q,394.97727272727275
ID_ILQ5YE78E0SD,245.47727272727272
ID_WDNXY8YRA10N,400.5
ID_WYK6LRWQ21ML,297.75
ID_EBA4QUGDXB5I,1170.4545454545455
ID_2WCWAKQKRA74,629.8863636363636
ID_FTSIEXKUER9Y,321.09090909090907
ID_64BCOW7PEP3E,80.0
ID_0N5TFB55JBOB,701.8181818181819
ID_9AE1OJ45UFJ3,520.9090909090909
ID_NJWAR6L7X4Q6,776.1363636363636
ID_W8U6J9PKGGGI,387.5
ID_WJUUIJMPNLHW,383.52272727272725
ID_S7F4L5OW7OKD,830.5681818181819
ID_Y0OX05BLLQPI,200.45454545454547
ID_XJ7ULGKCALNF,652.6818181818181
ID_8NU1PZBDI5C7,1295.6818181818182
ID_CPPN31R20CBA,634.6590909090909
ID_D20Z6VEJBE6K,4.0
ID_N6RSTF2IR5GL,563.6363636363636
ID_DJBLGDPMS85M,4.0
ID_34J19EEKSSHY,866.7727272727273
ID_P8MQS1ERUQ9F,234.3181818181818
ID_U07HHH2EG6K1,859.3181818181819
ID_IKAOSO0CFKYZ,204.3409090909091
ID_NHQ2WMFGNBS1,318.84090909090907
ID_FRJ3P7XDG7OV,531.9545454545455
ID_5N0W8ZFFAIQX,432.1136363636364
ID_OFSHZ2KZ1LQ4,4.0
ID_A6C1G6XUATUE,40.90909090909091
ID_N99MP1180BJ5,243.54545454545453
ID_D5F8SLVPMZKE,173.86363636363637
ID_49QTISSSNQ0M,615.9090909090909
ID_S1WHDBHNKLYO,294.15909090909093
ID_9YE4VBW3W1WJ,437.45454545454544
ID_7SWZRG2B52YI,323.29545454545456
ID_41XNQZ8M4QXH,358.1686507936508
ID_SIB0PJZQMRBO,334.09090909090907
ID_M47IW492SXOP,159.27272727272728
ID_MTUJW5V02DWQ,798.8636363636364
ID_Y108HSDX00WC,947.9545454545455
ID_QRD8JCO8QWCF,99.6590909090909
ID_RIP1ZN0ST7I3,162.8409090909091
ID_BPS356NV28J7,1175.2272727272727
ID_0KANA1KYEQKW,191.47727272727272
ID_80MMCWDS27VC,1657.7272727272727
ID_CH1WWOXBV7L8,363.27272727272725
ID_PM7YZSDTN1OI,603.2045454545455
ID_FR4XH94DJW50,528.6590909090909
ID_D1IDORABBOBP,488.90909090909093
ID_0BE8BMWG3A68,511.6818181818182
ID_RY2QD5TLB4US,431.45454545454544
ID_S8D99RRNCOMC,1215.5681818181818
ID_YZLW773BTIA3,416.70454545454544
ID_FL8VHWG97QTI,787.4772727272727
ID_JVLT86OR9T15,661.2045454545455
ID_NBSTAXAZ24X0,1070.3181818181818
ID_43VRMQQ5E60F,323.9318181818182
ID_HI4ACMU7M13J,431.79545454545456
ID_UI96L3AE8YXY,574.0909090909091
ID_UXRI6OXKF50S,1017.6136363636364
ID_FW06NS2YA7QW,392.6136363636364
ID_RA5OO0JVNOUF,400.0
ID_EVGU94YQTZWM,148.36363636363637
ID_GHANLFEJN9UW,151.22727272727272
ID_HXBFX8X2DD7B,959.0909090909091
ID_KUNLQSF5FM19,645.3409090909091
ID_7XXH76413XNT,614.5454545454545
ID_D58TIQKQLU7Q,421.29545454545456
ID_W5CLRPVGFRKH,433.1136363636364
ID_A3Y0OIB0BE59,400.0
ID_C74NLELOCNTS,2047.0454545454545
ID_2FIGN89QV44C,240.8181818181818
ID_QN4PJSV2CGSJ,331.1363636363636
ID_V5W6AZBTURWA,414.29545454545456
ID_L6E0GOTVHSCD,621.0454545454545
ID_Q95BUWXK8RM3,143.13636363636363
ID_5TLXCFLTYF1F,438.1818181818182
ID_GLBHSYJG9S5B,1638.5227272727273
ID_3X3YHRC7IIN9,556.0227272727273
ID_5H724YS64665,841.5909090909091
ID_U4Z5RN88FCZM,654.25
ID_05TGZGOMI6MF,417.04545454545456
ID_0GCZV8RUSZK6,407.47727272727275
ID_UV06K1FM1SB5,480.0
ID_RCJZ3PORBWFV,40.97727272727273
ID_W1NL5CU9VHQS,427.3636363636364
ID_2WIYFQHMJPYD,1293.1818181818182
ID_BFFULEU6PVQ9,100.0
ID_JN31K11BXQ0E,322.02272727272725
ID_DS40FHVR9R7F,335.6818181818182
ID_DNOT9DTVZ6MQ,786.8181818181819
ID_Z58PO8MMX8YV,806.5909090909091
ID_NEYMBJKFHN1X,480.0
ID_RND7MNSA6LWV,305.79545454545456
ID_U407VXC7F9NZ,311.65909090909093
ID_ES753BBA75GB,160.6590909090909
ID_APRL4BTWWRW9,310.90909090909093
ID_S909ZPBZ39II,290.1363636363636
ID_YYFP9SWEV0U5,1190.7954545454545
ID_25EBTESPBHGZ,678.5227272727273
ID_W0W8TG7XRWE3,169.3181818181818
ID_0FU2BPIOTMVD,699.1590909090909
ID_OF817VW3STNX,494.54545454545456
ID_7QATIJ9YSL1K,1865.340909090909
ID_LBPW7URC7BBW,475.22727272727275
ID_7WYQ81JCM9V3,132.04545454545453
ID_JGSVOGVN6522,571.1363636363636
ID_TOUB2GY1ZHXT,683.5681818181819
ID_9AJCTSUQG7FZ,527.2727272727273
ID_VKOZPEUVSDI8,702.5
ID_UG5GQ68S58OW,447.6363636363636
ID_4RB8XK2ZB1IR,941.5909090909091
ID_Z3P4T6K6P2ED,216.70454545454547
ID_VUGTKX63R5P0,405.6818181818182
ID_XMF3Q64FMLBK,522.9545454545455
ID_DTWCZ9G9C8WD,925.0
ID_0MNYHJUPIOIT,200.5681818181818
ID_ZGAL960JTO3R,723.6818181818181
ID_PK835TJNER3I,650.75
ID_KVGPYMSHB2WJ,287.6287878787879
ID_OWIQYP0I1HGW,1300.4545454545455
ID_7RS2XDILJLBL,414.02272727272725
ID_EDCLK08NMF0N,407.95454545454544
ID_97Y87C3ANP5B,357.75
ID_D3SKVOTTB4KQ,261.59090909090907
ID_APFVFYM11UU0,1861.4772727272727
ID_TAIVU9LHBYZ8,470.95454545454544
ID_NTR94XDRQIHZ,132.79545454545453
ID_8QCOFS2HXOJQ,408.1818181818182
ID_7ZZVZZH08UWF,417.97727272727275
ID_9NGVV4V11YU2,407.5
ID_5G8RKC18KLXV,406.0681818181818
ID_BSVRMHEKDQKD,442.95454545454544
ID_6Z12209FUIAT,726.8181818181819
ID_IRBHYP3G7UXU,313.8181818181818
ID_9PH4KNPDDVWS,798.5227272727273
ID_S4G0N1TJEDUG,368.0
ID_OP7NSDQGR6AE,94.27272727272727
ID_32RIU94UJDHI,1395.4545454545455
ID_85WKQYHE0W5H,799.8863636363636
ID_2T4I23J42NUP,392.3181818181818
ID_LOJZM912S2TH,448.1818181818182
ID_FQAR45VD4PQ5,708.4090909090909
ID_RA4Y3ZL70BWO,1195.7954545454545
ID_UH3QT7I1O24Q,163.63636363636363
ID_P9OZQ56CX2YO,504.09090909090907
ID_RB24VMV9FIGM,404.02272727272725
ID_XECRIM8DR00Z,1222.5
ID_EYIQ79MA3T5E,733.2840909090909
ID_B0QBM2S1R9S7,195.36363636363637
ID_1L74BG9P0TKX,772.0454545454545
ID_141KG0TOOCJ6,658.6590909090909
ID_IMKLSNJKVI4P,286.8863636363636
ID_253P6J7D92PW,413.79545454545456
ID_PCC17RCZX06S,319.3181818181818
ID_7MUPVDZE1ZWB,1401.8181818181818
ID_O994OZU1NP7E,599.5454545454545
ID_RFVKSMVILY31,493.90909090909093
ID_MTR7TTJ5LSBE,130.3181818181818
ID_87QM8DS5HSU7,1304.5454545454545
ID_8KXPBLV53NZK,547.1590909090909
ID_LQVS4LC3YRMB,502.3863636363636
ID_ISVACTKT5MAA,388.40909090909093
ID_C64B9DUNSCM1,196.36363636363637
ID_ZXAE37OWUMFI,401.70454545454544
ID_L7Y4MKY66OSL,598.4090909090909
ID_TZ1FUOUR0Y8X,1193.1818181818182
ID_D7HMR45HU1ZW,441.47727272727275
ID_UCZXI2H7S2YD,242.4318181818182
ID_7TU75PUQP312,2206.4772727272725
ID_4ULCEP364DAF,551.5909090909091
ID_8EOY07K5LOC4,348.79545454545456
ID_NK47MAUWJ8Z5,150.63636363636363
ID_8ZCGIWU6GZLO,291.3636363636364
ID_SNIWSZ237UOD,317.04545454545456
ID_7LDSCZ2OPT0K,473.6363636363636
ID_TK2TH4JSJ1KB,141.04545454545453
ID_UUXFZKSR58SC,297.72727272727275
ID_EVACECC6XIW9,1677.2727272727273
ID_U2LSES0Y4I3C,1587.0454545454545
ID_NEGU2TDNC4Y0,115.3409090909091
ID_WCBHSOBP51H1,220.0
ID_SVRQ4NGZFMMP,951.5909090909091
ID_5TBBUKHYJ1KI,614.0227272727273
ID_4AOR8R30LNOD,429.0681818181818
ID_5XOUKBLNO7AC,486.70454545454544
ID_IQZTM1J018FS,806.3636363636364
ID_Q9VXX3O6IZOD,250.38636363636363
ID_HTEQD0S6QIB8,284.6818181818182
ID_0GFT8KE7O9RP,771.9545454545455
ID_SHFI8L6O4DQ3,718.2727272727273
ID_64MUBP88ECF6,432.95454545454544
ID_EHYBYH7QLOSL,195.45454545454547
ID_GTGEI6PS93QJ,1987.2727272727273
ID_TL9C9OJ8G68U,239.9090909090909
ID_SM1GWL52K1F8,383.6363636363636
ID_DZW8R8ONEU66,455.75
ID_HBDA4P8811S8,2420.090909090909
ID_CJQOTSL074N8,622.2954545454545
ID_KZ0X60V9XQIG,1836.1363636363637
ID_0TWFZTV06NYT,548.0
ID_PVJN35A46C0K,468.84090909090907
ID_D732BOTXBLSI,391.59090909090907
ID_342GB00NU2X8,153.4090909090909
ID_AQUL5HCLWJPM,1181.1363636363637
ID_VU3938I1G9Z0,790.9090909090909
ID_Y2ZY2HDPU6PE,387.72727272727275
ID_SJD77GLF5ZFJ,497.84090909090907
ID_3T35R9QJBF2M,445.78787878787875
ID_NQUTMXXK59YN,668.9090909090909
ID_SV7AFMBC72LB,134.3409090909091
ID_PAPK30H37SIW,793.6363636363636
ID_URRQOVPPCBQ4,200.45454545454547
ID_CQPXYYK4KGB7,415.27272727272725
ID_RJIJXF4OS4RL,4.0
ID_APUXW8HC4K6B,1247.7272727272727
ID_61Q9C9GGPHDI,1291.8181818181818
ID_ZWZRMNC7OOCV,259.45454545454544
ID_IYKX7HR08L6A,10.0
ID_AIG281L5ZHU8,251.0
ID_NHUOZPKIO0BR,401.04545454545456
ID_LLYN4K7KIT4R,441.04545454545456
ID_0TSE5OLEV8WK,418.45454545454544
ID_H992DU9HM8DQ,317.04545454545456
ID_UK0CBXPBQ5RY,1109.7727272727273
ID_RDPY3EBXFJ5O,1271.590909090909
ID_5L97TY473GY5,1371.25
ID_5B1X9MC1IFX0,323.8636363636364
ID_ECWVAC40SNWB,1466.8181818181818
ID_OE87AT5TAUEI,1881.8181818181818
ID_XR12GEBM8H2K,1322.7272727272727
ID_LJ2AP4BNL25Y,491.3181818181818
ID_LH311ABG9XDL,301.25
ID_HXONOBB4HD6T,1923.5227272727273
ID_7AOOKABBB6N8,656.5454545454545
ID_Z17C9TLMF1MJ,186.5909090909091
ID_3PUBL95YQ1AF,799.0909090909091
ID_3RUIBILNO5TH,137.9318181818182
ID_9VMYZE08M98X,790.0
ID_6SDJYMNC1T2Z,33.0
ID_61DT371A8JKT,351.9318181818182
ID_R51LYLFQUFIL,613.5681818181819
ID_MJYLQ159US1Y,926.8181818181819
ID_QQHLY17D6RBD,1281.8181818181818
ID_Y84JBGTU3NGV,678.7727272727273
ID_V8BHOZICY6IF,353.32184356048
ID_DZ1R5TGC156F,661.4318181818181
ID_UQTR8CQ5LH50,1010.6818181818181
ID_CK56LDNW1478,770.4545454545455
ID_QJGUBXWDDCRS,641.1363636363636
ID_H7YHR5OTSNS5,150.27272727272728
ID_8FRJCZZGLIRC,717.9545454545455
ID_U29DLWFB48GG,299.20454545454544
ID_W3OHI7MAVC24,133.29545454545453
ID_1ZY88AN5LZD4,440.70454545454544
ID_OC5EEB6B892L,788.6363636363636
ID_CMWPG2PIB75R,627.8863636363636
ID_NWEI411ITDHM,745.9090909090909
ID_G49PUGN2HFAD,247.45454545454547
ID_GSNP1IEZEQBC,490.54545454545456
ID_GJUS6RREHQ81,765.4318181818181
ID_7F8MCGYBVNP9,426.95454545454544
ID_0L3CDZHQMEW6,804.5909090909091
ID_WWW8P7C0BWWD,307.45454545454544
ID_K5SN27S6ODNO,776.1818181818181
ID_UFYYFX1MOUMV,417.27272727272725
ID_D0724QR6ZQQF,1573.6363636363637
ID_PMSOXFT4FYDW,2600.909090909091
ID_SO7VGCA3U32O,770.5
ID_FRF1EVPIL6HX,794.3181818181819
ID_82CBKU1NDJ0V,1193.1818181818182
ID_RX8DANVXO123,387.5
ID_ILC9A9DN5G2Z,795.4545454545455
ID_2GDKRWUIWI9Y,155.0909090909091
ID_RBQ5VAV4DJ5G,804.7954545454545
ID_UOQYVR79LGBI,501.8863636363636
ID_K6AD8QUXXR6Y,18.863636363636363
ID_J342KZ43X2VJ,608.9090909090909
ID_XPEQ4HVRRQX3,2565.909090909091
ID_AJUG34L464MU,584.0
ID_JF3KG0PYDKQF,1934.090909090909
ID_L9Y3DAFA0E72,726.7045454545455
ID_E6BGEQJGO571,226.5681818181818
ID_SP088I6KHJYU,358.01150806264445
ID_044M7JJ7F7ZH,804.3181818181819
ID_FWCKHCWUI2ZA,324.34090909090907
ID_RYVNAORY2187,224.79545454545453
ID_AKABUF8B09YM,762.0454545454545
ID_S2JJQXZHA1AS,474.20454545454544
ID_4QOOOG43P1EL,1080.6818181818182
ID_X7Y0DSAFDFLN,764.2045454545455
ID_HBHBHNCY4HVH,399.54545454545456
ID_BD6WGXMV0N9M,419.6818181818182
ID_L96Q9Y8ZKZ8E,1275.6818181818182
ID_THWRW6UMVR43,325.79545454545456
ID_BORVFDCCKT0H,746.5909090909091
ID_2L25K22ZLQPZ,392.95454545454544
ID_YUL27A9GYMND,412.90909090909093
ID_8MKACM85VSCS,2643.8636363636365
ID_4060CUEUW7HI,336.2599124360488
ID_Q0SM7VK3YP8B,90.56818181818181
ID_KFDMKLKS776M,444.29545454545456
ID_JFSU9KK3JSCO,1562.6136363636363
ID_YDVQY6M9SDE1,259.25
ID_24UQHTEAU2MZ,386.70454545454544
ID_SGZSFYIOBIN2,582.3181818181819
ID_JNBPHXXIFBMH,314.8181818181818
ID_ZDH7Q9PB2ZFC,397.8863636363636
ID_Z8L5CROZXDD9,1051.1363636363637
ID_BFWA63TCREXQ,297.04545454545456
ID_M3DHWRLA56N4,1275.0
ID_7QNMKE9U82HO,1162.5
ID_75A7EFD9RIO4,139.8409090909091
ID_ZGRBK42R4LAE,361.97727272727275
ID_E69IMEJ5DN9Q,369.77272727272725
ID_9GU549TH7ZK3,1010.3181818181819
ID_32IOWXYS1DUU,171.25
ID_055AL1ZL5ZQ3,98.97727272727273
ID_1D24WF1F56XL,195.9090909090909
ID_C8563RHWH4R1,372.75
ID_FWYXQF7RP0NA,600.1363636363636
ID_RUQF0NVO7GUP,98.97727272727273
ID_U51NJXF1ANRX,287.04545454545456
ID_52E5N2X6YPZC,402.27272727272725
ID_5605KFWD5KLI,544.9090909090909
ID_RP1T12JOZ0W5,366.54545454545456
ID_1NJF183VW7MV,44.81818181818182
ID_YBW0BLUZSB09,493.97727272727275
ID_EMWY1EBQA2OW,4.0
ID_PRZUQ2CC6YQL,733.3636363636364
ID_DR9MHVZLS2J3,267.8181818181818
ID_F9Z4KJ1ATXQX,481.8181818181818
ID_1IEQS1MMJVNU,1398.6363636363637
ID_Y5OJFJ4ELKBO,5606.818181818182
ID_OYZLWHPXC232,42.90909090909091
ID_RIJPB9ZK7QMJ,336.70454545454544
ID_5YLAHA1RPCLZ,525.9090909090909
ID_7YD43YGQEHAG,175.45454545454547
ID_Z2128MPPJH3I,352.3181818181818
ID_6E9C80EV7UVB,529.3636363636364
ID_V292OF4LJFY6,468.70454545454544
ID_GZWEN5J0753A,139.02272727272728
ID_DZJI74TH27S2,570.0
ID_VB20G3017OT3,1649.7727272727273
ID_PFR5TR9NSJ44,558.6136363636364
ID_CGEMGXF9GKAN,798.8636363636364
ID_UQN5YELSPFW4,580.2272727272727
ID_9KQ04PBVJQ2Z,493.25
ID_4XS5DB6R0W1W,2879.5454545454545
ID_0LIP6T5ZSM47,706.7045454545455
ID_EKT3T87PW61E,400.47727272727275
ID_8APYWALBVJJG,1478.409090909091
ID_IZNAGRDXI416,552.2045454545455
ID_O8JW768V2WBT,784.4318181818181
ID_QB1EGGOG4PKU,375.5681818181818
ID_QL474TRJZ4KT,272.5
ID_JS00JMA9OC55,147.4318181818182
ID_KX93WT2WM8KI,378.90909090909093
ID_88T4KAWBOXD2,1052.9545454545455
ID_AYEXJ449FHYB,235.5681818181818
ID_WAMWUG0WHB97,1143.1818181818182
ID_MNSBZZRLVYAB,504.54545454545456
ID_NIO4I0V8DWYJ,100.68181818181819
ID_NIZWE5DL0ZEP,755.4545454545455
ID_9NCKQGLK3SD9,438.1363636363636
ID_5OSGLVZW9D29,826.3636363636364
ID_6XPJZR8ZCIC2,320.8636363636364
ID_IY0SP642OW24,694.2954545454545
ID_RIYH64Y97QRK,491.65909090909093
ID_XSP6B48LKWT8,400.0
ID_W753O33BW3BB,399.6363636363636
ID_RWJ0XTITY982,1942.7272727272727
ID_EUEIBIX6TBO2,404.0
ID_WH5AACW8DNG9,238.67196969696968
ID_NKCHBHQGHFQJ,407.5
ID_55LF7DAPVUM9,383.9318181818182
ID_QCVF1IC80H55,258.09090909090907
ID_TTYI3X4FHRSK,605.6818181818181
ID_FAVZ1A7JE66Y,196.36363636363637
ID_K3QDY7VQTJ4Z,404.4318181818182
ID_SXVSUXY5UZAB,54.09090909090909
ID_5K5QDTT6M6RR,219.6590909090909
ID_LVWYORSZVO3S,235.4090909090909
ID_6ECLIA2352NF,147.38636363636363
ID_W9B36B5RXLXB,1381.1363636363637
ID_FBND5TKBJU4V,274.0
ID_IEG1EPIW3QJE,312.65909090909093
ID_XBAKEC3FGVOI,324.3181818181818
ID_YX1YSBJPV00F,213.8181818181818
ID_CNJ0199EZ0Z5,236.98863636363637
ID_9HZRXVLF8O7Q,407.29545454545456
ID_N8DOGSGMLEEF,393.3636363636364
ID_QTT6DFO6C20M,140.95454545454547
ID_84TIYB63GU2Q,147.72727272727272
ID_I13964DD6KTD,364.5833333333333
ID_31NJ27Y0VJFL,240.36363636363637
ID_SFCM114U57TL,201.70454545454547
ID_JO7PGDO0GSL6,617.0909090909091
ID_GL342CDVL9P5,403.1818181818182
ID_89HGYIT9L72K,509.34090909090907
ID_GMN55BKSKYR7,1349.3181818181818
ID_IPCZ9G8W2MEV,814.5454545454545
ID_YTTWCTKL25FS,805.0
ID_RXK77X7AJU1K,501.02272727272725
ID_7DF2UHVO2YDW,505.0681818181818
ID_S8ILQIMNR33S,984.3409090909091
ID_9CZKHNKM1I86,470.0681818181818
ID_QV0YP4S4M4EW,372.79545454545456
ID_6NW6LZZP4YSO,859.7727272727273
ID_11VV8EJUCW0H,2980.0
ID_12B9ODTQEDJP,400.0
ID_O9F0DSRI883S,376.20454545454544
ID_UGZM1YTX1O1E,471.9318181818182
ID_K9QDUU90W0VF,545.9772727272727
ID_NSYRKSMPHBU1,799.25
ID_VTPNQBR81BM9,385.09090909090907
ID_39OMID9QCOG0,196.9318181818182
ID_1PEZ9AQEX5YZ,2441.7727272727275
ID_KMV01O5FI1RE,197.04545454545453
ID_D8YY9UAL3DUU,1124.7727272727273
ID_MK1LEGI0K09C,636.2954545454545
ID_SIGZ0JBXQGOV,262.52272727272725
ID_TVKRFN7WM03R,223.5681818181818
ID_0BEO9O1TBGD7,431.52272727272725
ID_0LAUIA0BNIC1,330.6818181818182
ID_J3ASN4NEHJWU,470.0
ID_E0C4Y5E20718,848.5227272727273
ID_42C9CZBA94GA,237.5681818181818
ID_YR8ZM2POXIMW,104.6590909090909
ID_CI5T4HTPFSD5,2461.3636363636365
ID_A43CG1H8ISRO,308.1136363636364
ID_3CEHUW3S0G0K,782.75
ID_TXB3AVJR817F,371.77272727272725
ID_EARHOHWMJBZN,820.8181818181819
ID_3VLU0ZG4HZCJ,358.97727272727275
ID_BXY0XWQ3PB64,906.0
ID_QRR9XFG9T842,622.5454545454545
ID_EUX6TSC8JHCM,400.22727272727275
ID_QFOI09YR3VXI,428.8636363636364
ID_YV25FQOXZ8MV,4.0
ID_7FQESEUZAD3Z,318.3181818181818
ID_CNWL7DTP3YX4,435.0
ID_T55BT4VODB0E,141.9090909090909
ID_RV1AQV8A2YO5,1015.4545454545455
ID_4LD71OA2HWJA,411.47727272727275
ID_MURY55Z0UGAN,334.77272727272725
ID_N2FMG5146H3F,232.1590909090909
ID_UTINEMLC3YZ8,403.22727272727275
ID_2YV5CPEX8PQX,914.2045454545455
ID_G04CAJF9PJPJ,432.1136363636364
ID_VQQC20SF8PFA,316.1818181818182
ID_XLERVZJLB89L,381.02272727272725
ID_55VQDPWDVUJN,1215.4545454545455
ID_ZQ8CAFATMFQ4,216.25
ID_G0F3TN5NG6BH,227.04545454545453
ID_PF85WDFZ5SIC,302.95454545454544
ID_LPA096T2PA37,339.4318181818182
ID_TOJV71OD5IJA,500.0
ID_OC71Q8G1PU9X,600.7272727272727
ID_ALXWTRGLKYET,438.79545454545456
ID_L25QRS7Z1I48,587.1818181818181
ID_ZJX6UR06AOQN,158.27272727272728
ID_J18Z7G8MKNNW,961.3863636363636
ID_A1FRWN0WLOW3,652.75
ID_1WMN80LOMPYX,643.8409090909091
ID_PN8SLC70UAFU,371.4318181818182
ID_Y0VLNN9FFCDB,1202.9545454545455
ID_KSNG2EHQWVN2,2267.0454545454545
ID_6W3UCOWAIKFY,254.75
ID_SAMIPB6FVS35,551.1363636363636
ID_5XWLZR0M55MG,684.5454545454545
ID_XS38KEFXELD5,457.72727272727275
ID_59TDKRUHGJTU,430.6818181818182
ID_LA52IZ1MKC63,121.47727272727273
ID_HUS8E1K54UTE,669.7954545454545
ID_I13GK4NJXW16,1283.590909090909
ID_VNANLNWRQBB6,357.72727272727275
ID_S9RY48JU1EY7,597.5
ID_4STCBR16P9VP,1022.7272727272727
ID_8975M70FEDGV,1278.75
ID_DUBR80BZKU6Y,328.45454545454544
ID_MAEEJ3FRNXBQ,312.3863636363636
ID_H4AAIXVXUTIW,1539.2045454545455
ID_9O8JMRL331Z1,221.13636363636363
ID_NGSCERQ2QDX4,347.27272727272725
ID_6LCF9GFNTUHP,411.2752525252525
ID_P1FUZAFI9H4Z,729.2045454545455
ID_98FVLR8JYSIK,843.2954545454545
ID_21Q3Q5YNLZZX,641.9545454545455
ID_PBBKRFRQIL4M,313.6363636363636
ID_XUQ4DJPJN922,413.1818181818182
ID_XN9SQO2E71Y5,345.3863636363636
ID_16EL4RBE07V4,480.0
ID_J9A3XKAY092U,445.75
ID_SI3U6TVMFSLR,2513.840909090909
ID_MZPNEAO40UOF,602.5909090909091
ID_JMOP4XUA0I7Z,400.79545454545456
ID_3K7O1OS7SC87,1540.0
ID_1FKKC1Y469H8,480.0
ID_KLWMKKI8XBMZ,415.90909090909093
ID_INV1UN5XSNO4,402.6363636363636
ID_FCP0ZRWKWL2B,386.70454545454544
ID_L7DSNSBA5RQQ,236.6818181818182
ID_SECEK6SG1NI8,2231.25
ID_ZZH6SDGIBPVQ,788.4090909090909
ID_NKCBC5AYF2O5,924.4090909090909
ID_HCUH5OSOLYNC,466.1136363636364
ID_P2YVKXAWU6J2,690.4318181818181
ID_H5DAKY1IT85H,1253.8181818181818
ID_FN2NLEWDMB6D,334.72727272727275
ID_FQRTZI314E4V,5599.318181818182
ID_605VN4QHNIDI,413.20454545454544
ID_J9MMOAJFJ2J9,438.8636363636364
ID_2N51RJM7IWTE,467.45454545454544
ID_G7LKS3J2NRV9,614.75
ID_B75HPYZV9PLR,834.0909090909091
ID_IJFSC215A8T5,237.20454545454547
ID_XUJ8JAS1QTG5,88.06818181818181
ID_OC29SB0GECK9,392.27272727272725
ID_0ZW1XY8NZ5AA,90.9090909090909
ID_XUYVTZH1U6V5,574.5454545454545
ID_TUQ7O8VZEO8Q,1205.4545454545455
ID_XL5X7DAJMM1B,401.04545454545456
ID_6GOHOWR9UQEB,532.9545454545455
ID_OSG7JPS4CTQ6,598.0227272727273
ID_TYWY3ZJA2J5I,1998.9772727272727
ID_E8R8OU0PL6KU,799.3181818181819
ID_NVSZ1QLGBUT6,317.79545454545456
ID_B6DWB2FSMPKC,374.52272727272725
ID_P0UJZBSPVHUE,1356.8181818181818
ID_O9LKW41W3CE6,251.36363636363637
ID_APVY0ZAA2T96,306.47727272727275
ID_DXH0G1YZBCCY,717.1590909090909
ID_50FMQ8VLWTYD,1087.0
ID_MPXG6OFK28RA,1194.7727272727273
ID_KO5Q9YHKSLDL,782.9545454545455
ID_5RN40WEWP1EL,644.0909090909091
ID_C22JIXZIZSL4,317.6363636363636
ID_9DQB1KQZBTV8,286.47727272727275
ID_CQHWUNCL5PCX,476.40909090909093
ID_J5OEXVDCNB0P,778.4090909090909
ID_RDH6HLOB2U92,315.90909090909093
ID_8TPHQ60JF6EX,459.09090909090907
ID_1PB93FWUQFQB,322.95454545454544
ID_3N976J1OGQLO,655.3181818181819
ID_7KUFT15M92QJ,476.47727272727275
ID_PCCPOOUSGB06,152.5909090909091
ID_3FRDNPVY5FNP,1188.5681818181818
ID_BK9ZR4TDE7NZ,589.7727272727273
ID_OUWYLUIH2R51,556.8181818181819
ID_L5ZLQMRH6KKF,593.6363636363636
ID_Q4UW4DG55OJW,602.5227272727273
ID_OYF1ASPZJQNP,752.2272727272727
ID_GZUUS62OBWF1,1239.4318181818182
ID_KKZDBKDWVPID,349.09090909090907
ID_YCYMKBL2CA1K,358.01150806264445
ID_KHTP23X20T5I,402.95454545454544
ID_PVCGOZWIYCRW,1608.8636363636363
ID_32NAED58MFBN,797.2272727272727
ID_N20MRZDYH6K2,892.6363636363636
ID_DBTQY3BIX7K1,321.02272727272725
ID_VXHEQJCSAEGO,378.2187673437673
ID_1UBFDMDD35E0,454.8863636363636
ID_UTQLHUO15C6P,1284.2045454545455
ID_KUQSQP4UEPNX,2725.4545454545455
ID_NG1BV8SLDLT6,260.34090909090907
ID_3WE5BFF4QQ07,457.5
ID_OJCKZSAW11FT,839.0909090909091
ID_01FMRJ8CZ1B9,299.95454545454544
ID_UFCY75JEV9LT,340.4022089022089
ID_2EZWQR6H2KMD,840.0
ID_VDBLFDMIL8NG,787.1590909090909
ID_AT56XBOIGQNE,1081.8181818181818
ID_AXZDBVR3IUR6,308.22727272727275
ID_2TXCT78Y3PKC,311.79545454545456
ID_VR4Q2KY91Y7I,399.47727272727275
ID_EQO0B00UOJ18,368.97727272727275
ID_80IN0NOG3IGG,299.0
ID_52G244TD18XX,528.4090909090909
ID_VU2RGX6FV7SG,512.1363636363636
ID_L5TFK1K76NVV,316.77272727272725
ID_9CP641SBWCAY,100.0
ID_GCL2HBCVD3GT,541.4318181818181
ID_9TSTSM29ITZV,1461.9318181818182
ID_L9B0F5XY5C0Q,840.0
ID_CB1C6HBQXD06,456.3636363636364
ID_HKJ98YOILTWN,1547.840909090909
ID_5TPFAMIJT35T,783.75
ID_17C2BIFXGXAB,441.1363636363636
ID_ZY0FDD05Q344,204.77272727272728
ID_XXKL2UKB6T7P,1244.4318181818182
ID_RMQ5T81PW81J,503.75
ID_I1KFYFIUMBBQ,495.45454545454544
ID_1C1WGJ4TLP0X,240.8409090909091
ID_E5OL8AHYNIRQ,427.5
ID_XKJ6NPCU23KQ,401.3636363636364
ID_H2LK19RTKLBN,352.5
ID_8SXD7K2XR4Y2,345.0
ID_R6PS7QO3TIP3,754.0909090909091
ID_7Z26WTZTG1EE,241.5909090909091
ID_NVW1KES21JE6,653.3863636363636
ID_KZQ5Q7QITN1J,501.02272727272725
ID_0GK554F5HSPQ,2615.909090909091
ID_CA5E6O3YBPYR,264.75
ID_NTRTGR2IP7JQ,641.2045454545455
ID_062VNY633NVW,641.7045454545455
ID_465NN80WHNMI,355.90909090909093
ID_T52DNN3DYVA2,340.79545454545456
ID_CM0W1BO8Z7YV,426.6136363636364
ID_YV087R41HIW6,2508.4545454545455
ID_VT6TAOGORN0T,775.2272727272727
ID_030L0XB0GEPB,237.61363636363637
ID_YECW50OR7NEH,267.04545454545456
ID_5W7NWNYH7DA2,242.02272727272728
ID_I2AKJ4TGA3JS,403.77272727272725
ID_LMSXY4W2OCHC,462.72727272727275
ID_W1EWJ1KHVFWL,781.4318181818181
ID_3ABZTY079K5J,1882.2727272727273
ID_4PEE9P8ISN4T,1197.2727272727273
ID_DZD2PTXBQ36C,98.29545454545455
ID_VRDCKGL60J4S,1575.0
ID_W300Q133BITD,162.38636363636363
ID_BGPCJWWGLRAD,1406.590909090909
ID_2VD5AHGUA8FZ,238.70454545454547
ID_N2YHCFW8BCW1,299.3666666666667
ID_KD26RV3Q4Z8G,348.97727272727275
ID_B4L9RE7NMY7S,842.5
ID_BN9X6GP81HB7,8.0
ID_Y6GNK64VJEAR,402.1136363636364
ID_PE586K2WC823,143.86363636363637
ID_WL15S18OVHW9,1326.3636363636363
ID_5R6L97XFBM4P,604.5454545454545
ID_55YCU1CHAZYU,1092.1136363636363
ID_WNGH3FP6KNWH,1949.7727272727273
ID_9JR09YWTJIPX,795.3636363636364
ID_870NP4IDB2WF,343.1879427390791
ID_X6ZCELIES4N3,709.5454545454545
ID_S0Z4WELW3RKE,737.0454545454545
ID_I1M86V2XW3NU,614.25
ID_PR25E8LGMX5C,404.3181818181818
ID_5RGXU5KZER2O,1763.8636363636363
ID_N3OWXZ0A4PQ2,623.8181818181819
ID_BUYPSV8J9VX4,1002.9090909090909
ID_ZLJBGWFNKT3F,400.0
ID_E3U792EGWSOZ,103.29545454545455
ID_KQE4T2DIGF73,323.3181818181818
ID_FIOW6R8A6TD9,2088.181818181818
ID_6NHV395NXUMO,804.7727272727273
ID_DLLQTLGA5BZ7,159.47727272727272
ID_12090DS3ONFO,291.02272727272725
ID_84WRYZXSNB5W,294.4318181818182
ID_5IHINMMQ33HN,802.9545454545455
ID_Q3TSBO3V5MV0,672.0681818181819
ID_ADC7FBDIRB67,345.72727272727275
ID_YFVLB2MLINSA,749.6590909090909
ID_0M2B2IU08JHG,499.29545454545456
ID_V9K16K3JJ64W,121.81818181818181
ID_T0APDRNZ2PUP,1003.2954545454545
ID_UD6Y4DW52N30,351.81818181818176
ID_CPN4N1LLQUYZ,201.45454545454547
ID_NBZ50NSHWKX4,2170.681818181818
ID_JOBTZIGNUJYW,130.45454545454547
ID_QIXJYAUTNLGR,609.0454545454545
ID_AX9K1UFBM90G,152.04545454545453
ID_FDDURNIJQYRF,727.2727272727273
ID_LVNQ4RR7Z5M9,620.9090909090909
ID_UYQMXTUWGEX3,375.6818181818182
ID_GXYT79NRDUCC,319.72727272727275
ID_9GC9RL0156TI,404.47727272727275
ID_65R1QHRZPXV4,195.45454545454547
ID_61D172EINVHM,285.09090909090907
ID_YTRIQ7CPL06G,200.5681818181818
ID_SWBH0D832EJH,451.40909090909093
ID_JI6G3OYFQJKY,455.5
ID_D2P1PLCDCW6C,872.1590909090909
ID_4HZATY2UQP7J,762.2727272727273
ID_I13HAXROQ8ZI,371.8636363636364
ID_EBWZ4DITBMRT,1081.8181818181818
ID_46V1XAD0HNM4,228.29545454545453
ID_7F0Y5BH75MA1,200.5681818181818
ID_8KDNAENIPD6O,239.8181818181818
ID_31557CM50TT0,90.11363636363636
ID_1H73ZV2DGAJS,623.75
ID_MQBQ7Y3DAME9,590.4545454545455
ID_FABZ5F40A430,882.6136363636364
ID_ARH65MSJKMXQ,302.3863636363636
ID_NZAYF5EC84XF,776.5909090909091
ID_8KTFQU943U8U,629.7045454545455
ID_HOOPMK98RDVW,564.8636363636364
ID_6NKRHFXDAL2W,209.6590909090909
ID_3Y0E2QZSY8BE,351.6254427390791
ID_7RBTQWOKF593,240.8181818181818
ID_G32EHA5H8KCH,92.38636363636364
ID_FP8GAONCAYON,223.86363636363637
ID_Q1YRG5JLSL51,643.1363636363636
ID_LUEHBMKN3WSS,356.6071428571429
ID_8CR2PDGM6RTS,745.9090909090909
ID_UISG39MBLWG7,414.54545454545456
ID_ZFX52PINM9TI,227.5
ID_AV8EYUEUUBVA,194.29545454545453
ID_LDK0UP6ZOTQS,751.8181818181819
ID_Y71AZZAYF00N,332.04545454545456
ID_IAA19P3EN9DF,322.5681818181818
ID_M8ZJ8397H56M,770.4545454545455
ID_2LVL6QWBY48W,750.6818181818181
ID_66A871THV43V,610.9090909090909
ID_K9CFTOS3JA2N,325.11515151515147
ID_SN7U1P14V2N3,429.84090909090907
ID_68RW49FF7NF2,1307.1818181818182
ID_1BYE6Z8W58NR,376.8636363636364
ID_DGIYN4VXFWW3,320.34090909090907
ID_I13X0T9TWG4N,845.3636363636364
ID_7HE2NP9ZDI7E,495.5
ID_PKX1BWJLKKF1,428.47727272727275
ID_FGCBRPH417HI,163.63636363636363
ID_XZHCQ2UL7EQB,718.3181818181819
ID_3F60G7BTKL3E,382.20454545454544
ID_X8UKDAZNQLE5,157.8030303030303
ID_WF21DZJQ0MEZ,441.27272727272725
ID_2JORBK01S76Z,315.34090909090907
ID_N40FQ79VCRBZ,208.0681818181818
ID_GTLFKV861ATM,404.1818181818182
ID_27Y0YW3K0RMP,422.72727272727275
ID_WV5M56G6J46P,327.15909090909093
ID_2A6AX6F5M2R3,246.3181818181818
ID_O1WA343Z0Y3Q,419.1363636363636
ID_5RO8TLZHVZ4U,284.8515151515152
ID_WNL0HEE8FNAX,780.4545454545455
ID_KRAHFXWUE34U,592.0454545454545
ID_B0BZ87T7Z4G1,480.0
ID_EF8RZ2A57MOF,322.79545454545456
ID_CKZAYHVYDNOH,316.09090909090907
ID_24T2915PUUBL,442.3863636363636
ID_9N44D14F4Z9S,1469.659090909091
ID_4QI2PK16L4W8,315.1136363636364
ID_5GSE1ZV2KZ36,404.02272727272725
ID_30MYYJ3CGU71,195.9090909090909
ID_R0ZZ2K2C4IFQ,271.75
ID_SRSO7ZIVRHMS,480.0
ID_ADMXQ913LY99,388.29545454545456
ID_PS7YQR14G3Y3,795.1818181818181
ID_MZEO9V8999MJ,1962.7272727272727
ID_LUGALDGQDU2C,324.20454545454544
ID_6E0LFWNRDDBC,493.15909090909093
ID_BH392O5O9YIJ,328.84090909090907
ID_VP4R17PGR7PT,1193.1818181818182
ID_Z584MTBFZM57,160.29545454545453
ID_FMP63TJMIYD2,242.52272727272728
ID_0VVXHZNBFV7K,533.7954545454545
ID_R3G02LS8GNA9,486.29545454545456
ID_Y3HXNR6C9VPN,442.27272727272725
ID_P2EI5WTDARVB,485.25
ID_J81U1U9GRXMM,321.90909090909093
ID_RUJ2JWO1H36Q,554.0
ID_D7KZIKGDA5TC,410.1931818181818
ID_IXZVPO7I6GFT,579.25
ID_DYEIPGE8LAWB,1926.7045454545455
ID_YFXPGWLIF1JG,620.4090909090909
ID_M06RJHKBWY49,382.59090909090907
ID_9AQXDJAJZEKV,460.90909090909093
ID_W8K9BX9LC95X,968.4090909090909
ID_QI5ZUDAWIO6B,508.6363636363636
ID_UAUMCZMYYG50,800.4545454545455
ID_MB0FWEMQZIS3,484.54545454545456
ID_I3VLDTUXI8OU,611.060606060606
ID_FL43EATDHM0N,401.0
ID_F8IKOUJWBLAS,407.29545454545456
ID_MY6O19NPIVK6,1344.090909090909
ID_XIRL5AT0PRFF,466.59090909090907
ID_V770RBDE6Q4Y,648.4090909090909
ID_0PZHH6TLV3CA,263.77272727272725
ID_VWY9TZXSBA2I,225.3409090909091
ID_0IMHIJVZNH4F,391.70454545454544
ID_J9R0XLLUEYV5,593.7954545454545
ID_SXO3TLUQS06B,419.27272727272725
ID_IIFWSOZJ87T8,257.6136363636364
ID_003IQ6P16IU6,581.0454545454545
ID_8A4XDDFF9KES,593.1818181818181
ID_ZADQ4EOPXZ5X,616.7045454545455
ID_T3BJIT95VAK6,1114.2045454545455
ID_9JBVPAY5SWE5,239.86363636363637
ID_H69MYTOAOWGW,2694.318181818182
ID_KX131MVNIQYK,144.1818181818182
ID_9TBIA2TY51SN,348.3863636363636
ID_LSJ9Z973V7HY,319.6818181818182
ID_1V7154B52Q1R,763.2348484848484
ID_61T1B66LGY96,927.3181818181819
ID_6OMUQ7RGG9PB,244.04545454545453
ID_UOP0YIGOD0C9,840.0
ID_FUEPC3I8AGM6,229.9318181818182
ID_9DZ2XHHCILE0,295.6818181818182
ID_K31RQKN5YZGQ,145.8181818181818
ID_5ONQKXWCPAYW,337.0
ID_WTFWWIHRP8QJ,141.13636363636363
ID_1DB4QAC6FY9E,152.95454545454547
ID_JTN33DQWNP8S,325.77272727272725
ID_URGC9CNXA7X5,393.3257575757576
ID_TLCVMIUVHIDA,665.0909090909091
ID_TUK3UTUY685M,304.79545454545456
ID_C3CXY15NEROI,659.3863636363636
ID_HLKXLS0FWIO3,347.04545454545456
ID_3KYOCLW494ZU,572.2727272727273
ID_ANAMG2154VTI,1188.8636363636363
ID_RZYTYJZGW8V1,463.27272727272725
ID_U0TE2JB46YOT,3456.590909090909
ID_033YEZI2YTMN,342.27272727272725
ID_M5MUL0OYJ521,328.0
ID_GLNNBNCO2ZJT,381.29545454545456
ID_5D0G39C74311,110.0
ID_76NPV6TK8935,492.8181818181818
ID_ZBDU7B15DZ06,725.0
ID_7ZY916L3IR3J,506.1363636363636
ID_NT49YSFTD1RL,200.0
ID_JO5LMUSPDOE5,501.84090909090907
ID_20WSYTHON01Q,150.5
ID_29VL60799V4G,620.0
ID_LWOVH2BGMAXM,921.3636363636364
ID_U40UK9R0U769,713.2045454545455
ID_GLMWDVQ0ZBSS,513.9318181818181
ID_H9WPOE6GENMJ,415.90909090909093
ID_D777FHIP8F1R,757.9545454545455
ID_UE7JO485SVK6,99.20454545454545
ID_KMUR984JCI6C,239.53446969696972
ID_5UB63IBXG3O1,440.1818181818182
ID_IP1S04YTUGT1,1208.0681818181818
ID_UJAKLBHMJ3YD,629.5
ID_W4V2VRY6V3ZG,317.5
ID_UPWIMZ9NKMFX,701.4545454545455
ID_TVYVXPBGSFUC,243.86363636363637
ID_8WEKEFRVWLHJ,585.9090909090909
ID_9RLCRH7Q0PXK,345.02272727272725
ID_02G01CVY8X2H,294.02272727272725
ID_KE5BLNSCOGKB,949.4318181818181
ID_9JNMULI0HP0P,1174.7272727272727
ID_B8OSQ43TMBSR,595.3863636363636
ID_PZWWJKYN923K,797.7272727272727
ID_834BS53CZ6LC,441.34090909090907
ID_5BMWFG250JV4,525.3636363636364
ID_LM22RNI83BJM,589.75
ID_JQS59EY819HO,223.0681818181818
ID_E43X5ED6NLU1,418.0681818181818
ID_8UZSHKU5UT2V,869.8863636363636
ID_DJ50AHYEIPZ0,830.4772727272727
ID_R4NIIOESVN7T,1184.090909090909
ID_YKL207W57L0U,236.9318181818182
ID_12P6RU298F9N,330.1136363636364
ID_IZ6WTP5Z17WN,761.0227272727273
ID_NZMFMBIC4FNF,232.72727272727272
ID_JLTDB0VTB0E7,222.54545454545453
ID_17SQTC2HLKAE,403.97727272727275
ID_I1X7CIDBKXZQ,233.0909090909091
ID_PSSACU4V0O6O,502.75
ID_V4HUIJ6F76SW,276.9318181818182
ID_8COHYHKML3JP,1081.8181818181818
ID_JN4AX2B2C50G,103.29545454545455
ID_TMJ0OO9Q2WOJ,1895.909090909091
ID_C95LNL1M8H2N,710.8863636363636
ID_RVPLXJ5UWB6O,256.84090909090907
ID_TV9CCKV6IGN5,1511.0227272727273
ID_K19V3I8YE12K,370.45454545454544
ID_KGXUKFH4Y7YO,564.5454545454545
ID_WJSH3NU9GIQB,15.318181818181818
ID_EQZ7H1WA78OS,237.86363636363637
ID_1MKAKRVW5T92,167.5
ID_PZFWOHDEYNGN,2507.159090909091
ID_725LTZ95U1E1,810.6818181818181
ID_THK0MEQMKDUT,1641.0
ID_RTQ01NMMKXYA,553.3863636363636
ID_8B19FL2AJ194,266.3636363636364
ID_D6RNJ17OIWWY,740.3636363636364
ID_HUGK2Y59U7KJ,663.2954545454545
ID_KWIMK8AMZF5A,701.9545454545455
ID_UURMSVZDKKSF,761.3636363636364
ID_2R9G9PQSADOM,301.70454545454544
ID_BI9UDH99U450,250.54545454545453
ID_7ODW5MXTDNCG,742.8181818181819
ID_HWJ9WKS3IB5J,400.0
ID_JGO7PWMYOMUB,581.8409090909091
ID_MCQSOIZ5BXGC,173.4090909090909
ID_J0X3K8DOSPYN,480.6818181818182
ID_VGQJ4WYJJBAT,388.97727272727275
ID_FHRVJDWVEWZK,560.9545454545455
ID_YFDZZ7FAT8H7,692.1136363636364
ID_ZW6ZATUAC5CC,497.40909090909093
ID_W0BWKL5E7PYH,1051.1363636363637
ID_9DJGFL3PX533,524.9090909090909
ID_NYXDVDMQO20V,758.6363636363636
ID_J9R96PPZPO32,983.5227272727273
ID_03SHDKQD95XF,196.13636363636363
ID_9UYFG0NC9QTM,726.1363636363636
ID_PR26C0RSQ89H,585.9545454545455
ID_KOOC7HGDZA0H,769.4318181818181
ID_218WMH65G8WU,659.6136363636364
ID_PRAU2EMQM87U,438.22727272727275
ID_D6ZOJRHT0A7H,412.04545454545456
ID_CITJ0RJ9ZAOC,820.0
ID_TP5RXW7QXP2O,2121.4772727272725
ID_AZNDXJTYSGDF,270.1136363636364
ID_78WJNL0RRA6U,705.7954545454545
ID_TM6VWF7REIS6,1493.1818181818182
ID_X3TVNO4XNHN5,796.5909090909091
ID_3TDSR1D7HQ8T,648.1590909090909
ID_82ZSQZQGLY1Y,416.1363636363636
ID_8OKP01595X94,273.75
ID_2OKINRRT0XL1,2272.840909090909
ID_DA98EJU0NT76,639.2727272727273
ID_V17R17KYCDG3,580.4772727272727
ID_OM42UEJQR618,254.20454545454547
ID_646D2KBLNLC2,232.0909090909091
ID_9RU7QWS0WIDP,792.9545454545455
ID_PFFCHUW5O67L,562.9545454545455
ID_ZSV9TC0UW5CK,401.9318181818182
ID_MSYLCULH22KD,568.4090909090909
ID_6ZA9ROTCTCTY,419.90909090909093
ID_L0J7MCL12NR4,319.5681818181818
ID_SCDUXWEDL6C6,769.3181818181819
ID_7QHVYN5YJYAP,188.97727272727272
ID_AUT5E4W1IF34,1397.3863636363637
ID_7JO0TQWT9W8K,414.5681818181818
ID_3UUBOUNG1CH8,239.54545454545453
ID_4Z5JFK9VF762,223.72727272727272
ID_3Z9LB1PGHP96,759.0909090909091
ID_D0X7IDGN74GR,446.27272727272725
ID_BBY6G4GET31C,1718.1363636363637
ID_PT5LBK4XRS89,528.75
ID_Z6A67N4N3KEJ,4.0
ID_Y6D7U7R1ULMA,317.79545454545456
ID_WQOUU960NDO4,107.54545454545455
ID_XC7PSRE6WWFP,303.6363636363636
ID_VF7NABSVT35U,661.8181818181819
ID_25MZL6HIS26M,994.3636363636364
ID_D86BC6U7FA2J,479.4318181818182
ID_F4KMTFROJWL2,416.22727272727275
ID_QK4YHF5UETBQ,289.20454545454544
ID_XPAHSEI49TYN,1067.25
ID_69F6K475WX7V,158.45454545454547
ID_9WS9F7Z1CE3M,306.02272727272725
ID_XJC8VVXC9TBX,499.54545454545456
ID_CD5QDTLLZUPT,224.6590909090909
ID_O80J4RH6LVDS,1027.2727272727273
ID_KWSKN3HTLPK2,152.1590909090909
ID_5SKHT6NDFHJR,133.13636363636363
ID_KPQYKBZGK6Q4,404.22727272727275
ID_866ACQHJ1632,270.22727272727275
ID_WX844ME5IT0M,155.75
ID_AWNJ1KEP1QK1,1319.7727272727273
ID_16ZJ7XNWB9ES,834.8863636363636
ID_2NKYXQYFQQRX,386.51893939393943
ID_DDQYDSPF4BXY,508.15909090909093
ID_1KBQ8Z8QZOL3,418.1136363636364
ID_GJO67I9XF6AK,710.9318181818181
ID_PCOF5INSVXM2,410.59090909090907
ID_W5GMROHJ01RZ,204.77272727272728
ID_WD6GCHMOFFZK,316.1136363636364
ID_GF3NQ1FP4MXO,1210.340909090909
ID_FBQI3IPLIAAZ,276.52272727272725
ID_BKRCXGDJI2ZU,428.9318181818182
ID_WC5O6CA49JCT,293.29545454545456
ID_TC771F4NXFD3,765.9090909090909
ID_HQAI0KUSI7FX,771.5909090909091
ID_E22MKA5X1C38,394.5681818181818
ID_P4TXP8UNLQ5F,4.0
ID_7VFK2TR4EHCU,496.5681818181818
ID_XIMWJDO2J9S2,100.0
ID_1SFZQ86IVMCZ,1081.8181818181818
ID_XNSVNT862EIR,1507.9545454545455
ID_KEULJBL0QMMA,383.52272727272725
ID_GEAJ29CHENIM,395.45454545454544
ID_XDHNQQ1BMP4K,378.0681818181818
ID_ZG8Y74HTDSKI,94.20454545454545
ID_VUYOGM0KIABM,1250.1136363636363
ID_U4XH4UTLQ5EO,332.79545454545456
ID_M1TT1PZJYQX3,411.23737373737373
ID_DO1SCI0NAS39,595.4318181818181
ID_PP2CV6NRSO3K,222.61363636363637
ID_6F4A688829M0,1197.7272727272727
ID_67C7XJW5Z9AP,400.45454545454544
ID_G9GXUSA0IV0D,281.0
ID_0G0WQUKBXG47,443.77272727272725
ID_6EWF22XJX21H,790.9090909090909
ID_UIL7S6F6IKE8,419.20454545454544
ID_O55OOUDQOKBE,1938.6363636363637
ID_OKZW0FT04KAU,39.09090909090909
ID_5QCE458KP8MH,435.22727272727275
ID_K1MX59GNDLA3,958.6363636363636
ID_XEAANBI4M6MP,853.8636363636364
ID_7K7V374NL5QU,236.6590909090909
ID_Q73O4J7PYNLD,1044.8863636363637
ID_8X79S7L9FWUS,393.75
ID_M97TRZBEVI0V,294.5
ID_U9TU5QRVSIKV,491.70454545454544
ID_PQPZ0AVV5HTH,764.0909090909091
ID_1L6LU32N1HFC,171.72727272727272
ID_UBZ21YSSVE0A,718.9318181818181
ID_TFXFZIX00RA7,1313.6363636363637
ID_32CMCT5XS364,353.6818181818182
ID_E95XC4DYH26Y,4.0
ID_S8ENYM45UWSC,2227.2727272727275
ID_PU514SH6TUVR,167.1590909090909
ID_RVEWUGCXQCNS,427.6363636363636
ID_BG6I25RU4JV3,567.8863636363636
ID_RNDBVA4NU0LW,404.4419191919192
ID_H1GVVG7EF7WE,399.9318181818182
ID_4VG5G0IN38WK,121.81818181818181
ID_LI1DHO8DO7WH,217.36363636363637
ID_K9IUCGCTABHD,516.9545454545455
ID_COWCI2PI2LF9,100.0
ID_0QE8PUWQKHFZ,716.1363636363636
ID_MT3EUT7AX265,333.6363636363636
ID_T69R1A784TNY,1370.4545454545455
ID_N4FRZ8SPSN61,285.9318181818182
ID_DFIMHTLXA82W,807.2272727272727
ID_BI4VNVU7JAXF,2250.840909090909
ID_6C9EUI1CKTQY,1227.2727272727273
ID_V7R0PZU27LD7,399.77272727272725
ID_NXHSZUCHTMO8,984.0909090909091
ID_PSSPKF9A2USI,707.9545454545455
ID_M9XZ0NNGCXJE,318.52272727272725
ID_3BJCEQIRMQTP,486.84090909090907
ID_EWS2TOD7IJZI,1173.2272727272727
ID_4N61JMVTUKQ5,230.6818181818182
ID_B5NBU4COPYXW,446.04545454545456
ID_ZS7CIFJ5G37Q,1892.5
ID_X4E6NMBKJLQT,91.31818181818181
ID_1OH68E5CL3NC,866.3636363636364
ID_DNSUBE5MRZR8,1211.1363636363637
ID_GHVXO83MCL6I,802.2727272727273
ID_CQ0FBB1L5EY3,401.0681818181818
ID_9PEPYSUTV8XP,666.5909090909091
ID_CH40371WNU45,303.1818181818182
ID_KREBTUJY9PUQ,407.27272727272725
ID_AH2DHFW5Y7VZ,466.90909090909093
ID_O2YSLD8B37UI,416.02272727272725
ID_CGJLQRDMQGPI,413.0681818181818
ID_ZIH4810LD2X4,391.09090909090907
ID_1GUQ67PJHO6G,200.0
ID_YO7NKY9DFON2,1405.2272727272727
ID_H8DG3XXT4R3S,407.15909090909093
ID_FD43UJOLYMFB,306.1818181818182
ID_BQ8JTW0GEMB4,544.3181818181819
ID_RA7TSCPF1HBL,498.29545454545456
ID_HMSUJ88077KV,289.3181818181818
ID_2K6CE567GZ7D,428.8181818181818
ID_J0UYQQWYJDJ3,752.3863636363636
ID_42YO171TPVHZ,820.3409090909091
ID_KMFDQQYDBS4X,463.52272727272725
ID_EKKF7GLOX3SD,318.6363636363636
ID_NA6TYX9PY21I,526.4318181818181
ID_PA459A9AES6D,1897.3863636363637
ID_ZHJ35MUIKDGT,589.8409090909091
ID_2KS148FT28VY,895.1136363636364
ID_ZP3Y1EOLD1XT,340.79545454545456
ID_M202WZ18JHLM,607.4772727272727
ID_O3CUG423MY9H,3147.2727272727275
ID_JK4O5BTLDHTX,319.6818181818182
ID_69E0GNTDT1LF,2531.3636363636365
ID_RN3RLK50ETXN,479.77272727272725
ID_PJ3QBFDFCBUV,258.45454545454544
ID_WRU2ZQEZZA2A,1381.8181818181818
ID_261VC80CL904,307.8863636363636
ID_3PR5200O44QG,1365.909090909091
ID_V315713I7M9M,776.3409090909091
ID_WCBVJ74XU15K,502.27272727272725
ID_ZXT4WUZLCMVH,406.34090909090907
ID_GDU9BX84VUVE,2150.568181818182
ID_5JB3YMBM4T6O,211.04545454545453
ID_KBAPVR46VC22,882.5227272727273
ID_4IXICKTIPPLU,1041.5454545454545
ID_AM94QK241VPE,4717.954545454545
ID_W12HOWGGSMS8,156.11363636363637
ID_Q1G32KADTS51,295.92424242424244
ID_V3JIA4P4668B,801.9318181818181
ID_Y86K83ZPC3T4,401.8181818181818
ID_K6M588093ONJ,428.52272727272725
ID_8QKXNKEAI8U8,87.95454545454545
ID_X7PUGW9NI1FI,292.29545454545456
ID_VTIQSDY0X1FD,406.6363636363636
ID_4VC1K7FA4J17,249.1590909090909
ID_3GCDF7RV12BF,1945.75
ID_PSLVQKNWEZ0N,396.3181818181818
ID_IGCX54TFOFX9,358.6363636363636
ID_1SZ0EPKMQJ3L,369.22727272727275
ID_RRLAI5EB891O,1517.840909090909
ID_ATRY9VIAPNBP,380.20454545454544
ID_5LIP4CV5CHJ0,731.9318181818181
ID_ONHO680NIUHR,505.84090909090907
ID_VTRB9ZYY4VI0,596.9318181818181
ID_JAE3UP8KOYFO,300.6818181818182
ID_I02Z7U56HMOO,641.0227272727273
ID_RFXD3G5UO06W,1434.3181818181818
ID_1SQXKIK51IGW,231.29545454545453
ID_T5UXJ5RC7PUZ,706.0
ID_JM7G4MGZXPA4,498.29545454545456
ID_6FF2BX4HPOG7,312.6818181818182
ID_8UTWWHXEL9R5,871.8181818181819
ID_3YJH7Z2OWJED,603.4318181818181
ID_4BVYTNKO9YLK,1270.340909090909
ID_KNDRB17VJJHN,174.77272727272728
ID_PL3IRYM11FGQ,1039.7272727272727
ID_33QXHWS7FFUE,882.5
ID_2J04B9UGSZMQ,776.2727272727273
ID_ZJV6QMH0E1S2,762.5
ID_3SY7ARGY3QVX,2350.0
ID_KIAVLFCA0QAB,125.95454545454545
ID_Q4EJVPZEZXGI,501.8181818181818
ID_65605390LAS9,885.0
ID_Y104K9OC8UGE,650.7954545454545
ID_3K6WOEPF2FP8,816.8181818181819
ID_LS72BPM71SR7,427.84090909090907
ID_Y7TIOX2MBVN1,240.1590909090909
ID_JM80BY34TODO,425.34090909090907
ID_2WAZFPTIJ1OA,334.8283648170012
ID_T9YY5C8C1CBO,399.8863636363636
ID_UPRSY14003PO,323.0
ID_7XOLQOXF8MQB,341.70454545454544
ID_I32E35Q5PL6J,757.3636363636364
ID_22FO3O040DBN,563.5
ID_2UXKSAJOCCUC,439.1818181818182
ID_5GUT0JCPY47C,303.3181818181818
ID_LID7SSDMXCW6,117.31818181818181
ID_WCWCOJH95NFM,224.3181818181818
ID_4DWQ8EGOZF76,424.0
ID_SJE53PFBNDY4,524.5
ID_MUP7H5EUQUYW,780.2272727272727
ID_2G8S8FICGX1F,955.9545454545455
ID_T6X2E4LGICKT,221.5909090909091
ID_2NBITHH2CMR2,398.1818181818182
ID_IXO2IO18FTPN,786.8181818181819
ID_35RBHZZG2K9S,490.22727272727275
ID_5X3KT9OXDOCL,995.2954545454545
ID_EXX5T31QH9U4,555.3181818181819
ID_LSZRIL56T47Z,789.0909090909091
ID_5ALLBTPE63BZ,415.1136363636364
ID_ZRT3VO9XJTOJ,407.72727272727275
ID_IVZNV00VK1WF,137.27272727272728
ID_STJDVR9FV5ZK,850.4545454545455
ID_MUL2I0PV3WXF,573.6818181818181
ID_350HG62PKSV9,236.5909090909091
ID_CFU1OS0WRIF1,431.6818181818182
ID_E2X9RKRER7VN,400.5681818181818
ID_FAXPVHA3GBDX,866.1363636363636
ID_U20QSSM0WQCL,357.27272727272725
ID_8STN6IQK6GRH,4.0
ID_RRV0JV74KLEG,678.75
ID_SV90TJDKZDBO,2050.909090909091
ID_VG3DNKAC70DB,357.52272727272725
ID_N6VEVLWM0JUZ,821.1363636363636
ID_R6EAOP7SKH4P,1028.840909090909
ID_WY1E27L1SF3F,680.4318181818181
ID_S6Y3EIMQPINY,400.0
ID_C6FGW58XYOOC,100.0
ID_66ZQIE06VO23,647.7272727272727
ID_OQGZLQDASMAM,140.3409090909091
ID_O0VXS8F7E71M,239.53636363636363
ID_RYWO2W04NGOQ,739.3181818181819
ID_UQJV4MFOR1M5,405.26515151515144
ID_4RF26BVNXYCE,1469.840909090909
ID_97BLKV6Q0HEL,2518.6363636363635
ID_UBBEFJS5I0QH,148.97727272727272
ID_1O85NFRVJWEG,583.0909090909091
ID_IMHZWDBK0ADL,249.3181818181818
ID_YP71ZG5HZP4L,632.7272727272727
ID_EQYXNVKPIZ8S,340.5681818181818
ID_IUMZ7HN2JIIN,545.5909090909091
ID_TEYADZ461KBT,833.4090909090909
ID_WBKUDZP701N9,559.1818181818181
ID_QREVEZ4H807A,138.8181818181818
ID_1FI6VLAJHF5I,1393.6363636363637
ID_AGYQKZWO32LL,636.3181818181819
ID_2AWB54BA84ZT,405.45454545454544
ID_HT3K0J78M9RG,613.4772727272727
ID_1Y0O3Y0QYTJS,473.75
ID_ZKH62QGNMI1V,82.72727272727273
ID_BJVKX6P2LOVK,711.2272727272727
ID_RJG2AH2AUIN8,224.4318181818182
ID_C1YRVYTDHBCI,343.0
ID_1TJKPVFP9B3X,266.70454545454544
ID_ENTHBKNB4R99,538.1818181818181
ID_TY66I8PV70BN,114.77272727272727
ID_6MMECMX3B728,1153.6363636363637
ID_GZ9YGWCLLMKN,415.27272727272725
ID_01YVA2LJVYBR,208.29545454545453
ID_YQRL2IOUU4SZ,358.7074232585596
ID_VAX2N8ELPEZE,348.6818181818182
